CREATE DATABASE  IF NOT EXISTS `bdempresas` /*!40100 DEFAULT CHARACTER SET latin1 */;
USE `bdempresas`;
-- MySQL dump 10.13  Distrib 5.6.17, for Win32 (x86)
--
-- Host: localhost    Database: bdempresas
-- ------------------------------------------------------
-- Server version	5.1.51-community

/*!40101 SET @OLD_CHARACTER_SET_CLIENT=@@CHARACTER_SET_CLIENT */;
/*!40101 SET @OLD_CHARACTER_SET_RESULTS=@@CHARACTER_SET_RESULTS */;
/*!40101 SET @OLD_COLLATION_CONNECTION=@@COLLATION_CONNECTION */;
/*!40101 SET NAMES utf8 */;
/*!40103 SET @OLD_TIME_ZONE=@@TIME_ZONE */;
/*!40103 SET TIME_ZONE='+00:00' */;
/*!40014 SET @OLD_UNIQUE_CHECKS=@@UNIQUE_CHECKS, UNIQUE_CHECKS=0 */;
/*!40014 SET @OLD_FOREIGN_KEY_CHECKS=@@FOREIGN_KEY_CHECKS, FOREIGN_KEY_CHECKS=0 */;
/*!40101 SET @OLD_SQL_MODE=@@SQL_MODE, SQL_MODE='NO_AUTO_VALUE_ON_ZERO' */;
/*!40111 SET @OLD_SQL_NOTES=@@SQL_NOTES, SQL_NOTES=0 */;

--
-- Table structure for table `clase`
--

DROP TABLE IF EXISTS `clase`;
/*!40101 SET @saved_cs_client     = @@character_set_client */;
/*!40101 SET character_set_client = utf8 */;
CREATE TABLE `clase` (
  `idClase` smallint(6) NOT NULL AUTO_INCREMENT,
  `nombreClase` varchar(60) NOT NULL,
  PRIMARY KEY (`idClase`)
) ENGINE=InnoDB AUTO_INCREMENT=161 DEFAULT CHARSET=latin1;
/*!40101 SET character_set_client = @saved_cs_client */;

--
-- Dumping data for table `clase`
--

LOCK TABLES `clase` WRITE;
/*!40000 ALTER TABLE `clase` DISABLE KEYS */;
INSERT INTO `clase` VALUES (1,'PENSION FAMILIAR'),(2,'BAR - PENSIÓN'),(3,'SNACK - FUENTE DE SODA'),(4,'RESTAURANTE - CHOPERIA'),(5,'SALON DE FIESTAS'),(6,'QUINTA DE RECREO'),(7,'CIRCULOS SOCIALES Y CLUBES'),(8,'FRICASERIA - CHORICERIA'),(9,'DISCOTECA - KARAOKE'),(10,'WISKERIA'),(11,'BISTEQUERIA - SILPANCHERIA'),(12,'CHURRASQUERIA'),(13,'BROASTERÍA'),(14,'PIZZERIA'),(15,'CONFITERIA - HELADERIA'),(16,'PELUQUERIA - SALON DE BELLEZA'),(17,'HOTEL'),(18,'ALOJAMIENTO'),(19,'HOSTAL'),(20,'RESIDENCIAL'),(21,'MOTEL'),(22,'HORNO'),(23,'BAÑO PUBLICO - DUCHA'),(24,'FRIAL'),(25,'FAENEADORA'),(26,'FRIGORIFICO'),(27,'AGENCIA DE VINOS Y LICORES'),(28,'BAR - CAFE'),(29,'VENTA DE REFRIGERIOS'),(30,'PULPERIA'),(31,'VENTA DE CHICHA CON ALIMENTOS'),(32,'AGENCIA DE POLLOS'),(33,'TIENDA ALMACEN'),(34,'VENTA DE CHICHA SIN ALIMENTOS'),(35,'PUESTO FIJO'),(36,'CARNICERIA'),(37,'KIOSCO'),(38,'MICRO MERCADO'),(39,'AGENCIA DE CERVEZA - REFRESCOS'),(40,'MATADEROS'),(41,'PISCINA SAUNA'),(42,'HIPER MERCADOS O COMPLEJO ALIMENTARIO'),(43,'SUPER MERCADO'),(44,'SALTEÑERIA - EMPANADAS'),(45,'ALMACEN DE ABARROTES'),(46,'HARINAS Y DERIVADOS MEDIANO'),(47,'LACTEOS Y DERIVADOS NO ESPECIFICADOS'),(48,'DISTRIBUIDORA DE SAZONADORES-COLRANTES Y CONDIMENTOS'),(49,'ELABORACION DE HELADOS Y CREMAS'),(50,'CASA IMPORTADORA DE ALIMENTOS'),(51,'MOLINO DE CEREALES'),(52,'BOMBONERIA Y DULCERIA'),(53,'AGENCIA DE LECHE Y DERIVADOS'),(54,'BARRAS AMERICANAS CENTROS NOCT. LENOCINIOS'),(55,'POLICONSULTORIO'),(56,'AGENCIA VENTA DE PAN'),(57,'PRE LAVADO DE PANTALONES Y OTROS'),(58,'ELABORACION DE CHICHA'),(59,'AGENCIA DE FIDEOS, GALLETAS Y OTROS'),(60,'COMPLEJO TURISTICO - BALNEARIO'),(61,'COMEDOR POPULAR'),(62,'VENTA DE QUESOS'),(63,'VENTA DE RELLENOS Y EMPANADAS'),(64,'TROZADORAS DE CARNE Y OTROS'),(65,'ELABORACION CONFITES Y CONFITURAS'),(66,'ELABORACION DE TOSTADOS PASANKALLAS Y OTROS'),(67,'ELABORACION DE BARQUILLOS Y CONOS'),(68,'OTROS PRODUCTOS NO ESPECIFICADOS'),(69,'EMPRESA DE FUMIGACION'),(70,'INDUSTRIA'),(71,'INDUSTRIA ARTESANAL'),(72,'CONSULTORIO ODONTOLOGICO'),(73,'CENTRO MEDICO'),(74,'CONSULTORIO MEDICO'),(75,'INDUSTRIA PEQUEÑA'),(76,'FISIOTERAPIA Y KINESIOLOGIA'),(77,'CINES - TEATROS'),(78,'LABORATORIO CLINICO'),(79,'CLINICA'),(80,'INDUSTRIA MEDIANA'),(81,'NO ESPECIFICADO CEREALES, HARINAS ETC.'),(82,'DISCOTECA KARAOQUE'),(83,'VENTA DE TORTAS'),(84,'CENTRO DE DIAGNOSTICO X IMAGEN'),(85,'CLINICA ODONTOLOGICA'),(86,'CENTRO OFTALMOLOGICO'),(87,'DUCHAS'),(88,'VENTA DE REFRESCO'),(89,'AGENCIA DE ACEITES Y GRASAS'),(90,'VENTA DE HELADOS'),(91,'DISTRIBUIDORA CHAMPUS Y OTROS'),(92,'COSMETOLOGIA'),(93,'AGENCIA NO ESPESIFICADA'),(94,'CAFETERIA'),(95,'COMIDA VEGETARIANA'),(96,'NO ESPECIFICADO'),(97,'CENTRO DE ENSEÑANSA EN SALUD'),(98,'HOSPITAL'),(99,'AGENCIA VENTA DE HIELO'),(100,'DISTRIBUIDORA DE CEREALES'),(101,'VENTA DE PASANKALLAS'),(102,'ELABORACION PASANKALLAS Y OTROS'),(103,'HELADERIA'),(104,'AGENCIA DE CEREALES'),(105,'CENTRO DE HEMODIALISIS'),(106,'ELABORACION DE HELDAO SECO'),(107,'PROVEEDORA DE PESCADO'),(108,'CONSULTORIO OFTALMOLOGICO'),(109,'HORNO DE PASTELERIA'),(110,'HORNO DE PANIFICACION'),(111,'HOTELES CON VENTA DE ALIMENTOS'),(112,'FRIAL CON VENTA VARIADA'),(113,'HORNO DE EMPANADAS - SALTEÑAS'),(114,'FRIAL CON VENTA DE CARNES EMBUTIDOS'),(115,'CENTRO DE ESTETICA CORPORAL'),(116,'AGENCIA DE CERVEZA - REFRESCO'),(117,'AGENCIA DE VENTA DE PAN'),(118,'NO ESPECIFICADOS- CEREALES, HARINAS'),(119,'ELABORACION DE TOSTADOS Y PASANKALLAS'),(120,'PULPERIA DE BARRIO'),(121,'BROASTERIA-ROTICERIA EN POLLOS'),(122,'PRODUCTOS NATURALES CERETAR'),(123,'CONSULTORIO MEDICO ECOGRAFICO'),(124,'NO ESPECIFICADOS DE LACETEOS Y DERIVADOS'),(125,'HOTEL SIN VENTA DE ALIMENTOS'),(126,'VETERINARIAS'),(127,'JUEGOS DE BILLAR C/VENTA DE ALIMENTO'),(128,'CARNICERIA DE PUESTO FIJO'),(129,'FRIAL CON VENTA DE MERCADERIAS VARIAS'),(130,'PISCINAS Y SAUNAS - NATURALES'),(131,'FONO AUDIOLOGIA'),(132,'OTORRINOLARINGOLOGIA'),(133,'DISTRIBUIDORA DE DULCES'),(134,'CONSULTORIO MEDICO ESTETICO'),(135,'PARTICULAR'),(136,'UNIDAD MOVIL'),(137,'TOMA DE AGUA'),(138,'ESENCIAS - ENDULZANTES - COLORANTES'),(139,'ELABORACION DE BOLOS'),(140,'LABORATORIO DE GENETICA'),(141,'AGENCIA DE HUEVOS'),(142,'SILLPANCHERIA'),(143,'VENTA DE DESAYUNO'),(144,'FRIAL CON VENTA DE DERIVADOS'),(145,'LABORATORIO DE PROTESIS DENTAL'),(146,'GABINETE DE RAYOS X DENTAL'),(147,'CONSULTORIO MEDICO TRAUMATOLOGO'),(148,'CONSULTORIO MEDICO GINECOLOGICO'),(149,'PARTICULAR'),(150,'VENTA DE VERDURAS'),(151,'CENTRO MEDICO AMBULATORIO'),(152,'CENTRO DE MEDICINA NUCLEAR'),(153,'CONSULTORIO MEDICO OFTALMOLOGICO'),(154,'CENTRO DE SALUD'),(155,'COSMETOLOGIA Y ESTETICA'),(156,'UNIDAD TRANSFUSIONAL DE SANGRE'),(157,'CENTRO MEDICO DERMATOLOGICO'),(158,'LABORATORIO DE MICROBIOLOGIA'),(159,'LABORATORIO DE ANATOMIA PATOLOGICA'),(160,'SERVICIO DE EMERGENCIA AEREA');
/*!40000 ALTER TABLE `clase` ENABLE KEYS */;
UNLOCK TABLES;

--
-- Table structure for table `departamento`
--

DROP TABLE IF EXISTS `departamento`;
/*!40101 SET @saved_cs_client     = @@character_set_client */;
/*!40101 SET character_set_client = utf8 */;
CREATE TABLE `departamento` (
  `idDepartamento` tinyint(4) NOT NULL AUTO_INCREMENT,
  `nombreDepartamento` varchar(25) NOT NULL,
  PRIMARY KEY (`idDepartamento`)
) ENGINE=InnoDB AUTO_INCREMENT=6 DEFAULT CHARSET=latin1;
/*!40101 SET character_set_client = @saved_cs_client */;

--
-- Dumping data for table `departamento`
--

LOCK TABLES `departamento` WRITE;
/*!40000 ALTER TABLE `departamento` DISABLE KEYS */;
INSERT INTO `departamento` VALUES (1,'BENI'),(2,'CHUQUISACA'),(3,'COCHABAMBA'),(4,'LA PAZ'),(5,'ORURO');
/*!40000 ALTER TABLE `departamento` ENABLE KEYS */;
UNLOCK TABLES;

--
-- Table structure for table `establecimiento`
--

DROP TABLE IF EXISTS `establecimiento`;
/*!40101 SET @saved_cs_client     = @@character_set_client */;
/*!40101 SET character_set_client = utf8 */;
CREATE TABLE `establecimiento` (
  `idEstablecimiento` int(11) NOT NULL AUTO_INCREMENT,
  `idPersona` int(11) NOT NULL,
  `idClase` smallint(6) NOT NULL DEFAULT '0',
  `razonSocial` varchar(70) NOT NULL,
  `telefonoFijo` varchar(35) DEFAULT NULL,
  `telefonoCelular` varchar(20) DEFAULT NULL,
  `idMunicipio` int(11) NOT NULL,
  `latitud` double DEFAULT NULL,
  `longitud` double DEFAULT NULL,
  `especificacionDireccion` varchar(90) DEFAULT NULL,
  `fechaApertura` date NOT NULL,
  `fechaActualizacion` datetime NOT NULL,
  `fechaRegistro` date DEFAULT NULL,
  PRIMARY KEY (`idEstablecimiento`),
  KEY `FK_Municipio_idx` (`idMunicipio`),
  KEY `FK_Persona_idx` (`idPersona`),
  KEY `FK_Clase_idx` (`idClase`),
  CONSTRAINT `FK_Clase` FOREIGN KEY (`idClase`) REFERENCES `clase` (`idClase`) ON DELETE NO ACTION ON UPDATE NO ACTION,
  CONSTRAINT `FK_Municipio` FOREIGN KEY (`idMunicipio`) REFERENCES `municipio` (`idMunicipio`) ON DELETE NO ACTION ON UPDATE NO ACTION,
  CONSTRAINT `FK_Persona` FOREIGN KEY (`idPersona`) REFERENCES `persona` (`idPersona`) ON DELETE NO ACTION ON UPDATE NO ACTION
) ENGINE=InnoDB AUTO_INCREMENT=4200 DEFAULT CHARSET=latin1;
/*!40101 SET character_set_client = @saved_cs_client */;

--
-- Dumping data for table `establecimiento`
--

LOCK TABLES `establecimiento` WRITE;
/*!40000 ALTER TABLE `establecimiento` DISABLE KEYS */;
INSERT INTO `establecimiento` VALUES (1005,8846,70,'TENATUR','4032038','71778007',1,-17.382061,-66.171469,'CASA DE UN PISO','2014-07-11','2014-07-11 12:40:19','2014-07-11'),(1023,8932,72,'CASTILLO RAMALLO','','',41,-17.382561,-66.171969,'1/2 CUADRA PLAZA BOLIVAR','2014-07-16','2014-07-16 10:54:58','2014-07-16'),(1024,8953,72,'SANTIAGO','','',41,-17.383061,-66.172469,'2 CUADRAS AL NORTE DE LA ALCALDIA','2014-07-17','2014-07-17 11:10:38','2014-07-17'),(1031,8977,73,'SAN JUAQUIN','','',1,-17.383561,-66.172969,'1/2 CUADRA AL SUD DE LA ROTONDA DE LA TADEO HAENKE','2014-07-18','2014-07-18 13:48:42','2014-07-18'),(1036,9006,72,'A Y B','','',41,-17.384061,-66.173469,'FRENTE A LA ESCUELA DARIO MONTAñO','2014-07-21','2014-07-21 09:16:33','2014-07-21'),(1041,9011,70,'ANDREA CECILIA MORATO LOREDO- INDUSTRIAS BEMOL','4308733','75980083',43,-17.384561,-66.173969,'CASA DE 2 PLANTAS CON GARAJE DE COLOR CAFE METALICO','2014-07-21','2014-07-21 11:54:55','2014-07-21'),(1042,4556,75,'LINA OVANDO GONGORA','4400531','76413140',1,-17.385061,-66.174469,'DENTRO DE LA URBANIZACION ENDE','2014-07-21','2014-07-21 13:15:26','2014-07-21'),(1055,9069,72,'CENTRO ODONTOLOGICO FAMILIAR','489219','',1,-17.385561,-66.174969,'LADO PASAJE ESTRADA','2014-07-23','2014-07-23 11:19:59','2014-07-23'),(1067,9090,75,'VALLE NOSTRUM ALIMENTOS Y BEBIDAS','','75128003',1,-17.386061,-66.175469,'CASA DE DOS PISOS COLOR BLANCO Y VERDE PUERTA DE COLOR BLANCO','2014-07-24','2015-12-16 09:49:56','2015-12-16'),(1069,3743,75,'INDUSTRIAS ILLAMPU','4018054','60740664',1,-17.386561,-66.175969,'CERCA DE UNA CANCHA DEL BARRIO HALLEIN','2014-07-24','2014-07-24 12:20:14','2014-07-24'),(1089,9168,72,'RUZLY','','76434205',41,-17.387061,-66.176469,'FRENTE ALOJAMIENTO MEL','2014-07-29','2014-07-29 10:59:28','2014-07-29'),(1090,9170,80,'EMBUTIDOS LA GRANJA','4316268','',43,-17.387561,-66.176969,'ZONA CALLAJCHULLPA CERCA AL CANAL DE RIEGO Y INTERNADO DON BOSCO','2014-07-29','2014-07-29 12:39:05','2014-07-29'),(1094,9182,72,'GABY','4573734','',32,-17.388061,-66.177469,'CASI FRENTE DEL COLEGIO CALAMA','2014-07-30','2014-07-30 10:09:24','2014-07-30'),(1097,9196,74,'TU SALUD','','',41,-17.388561,-66.177969,'FRENTE FARMACIA PRINCIPE PIO','2014-07-31','2014-07-31 08:35:27','2014-07-31'),(1114,9248,72,'JIMENEZ','4530191','79746626',41,-17.389061,-66.178469,'A MEDIA CUADRA DETRAS DEL TEMPLO SAN IDELFONSO','2014-08-04','2014-08-04 08:28:00','2014-08-04'),(1129,9316,75,'AGUA MAR','4354430','71719203',41,-17.389561,-66.178969,'AV. CAP. USTARIZ KM 10 1/2 CASA DE 2 PLANTAS CON GARAJE DE COLOR CAFE','2014-08-07','2014-08-07 10:49:19','2014-08-07'),(1130,9317,71,'INDUSTRIA DE BEBIDAS GARCIA','4319722','',41,-17.390061,-66.179469,'AV. BLANCO GALINDO KM.10 ENT. EL TECNOLOGICO DEL PASO A LADO','2014-08-07','2014-08-07 11:12:20','2014-08-07'),(1136,9360,72,'BUSTAMANTE','4260324','77440767',41,-17.390561,-66.179969,'30 METROS AL SUD PLAZA BOLIVAR','2014-08-11','2014-08-11 08:51:32','2014-08-11'),(1138,9362,72,'CELIA MARISCAL','','79958270',41,-17.391061,-66.180469,'UNA CUADRA AL NORTE DE LA PLAZA BOLIVAR','2014-08-11','2014-08-11 09:03:28','2014-08-11'),(1139,9363,72,'ROBERTO MARISCAL','4361557','75475539',41,-17.391561,-66.180969,'FRENTE BROASTERIA CHIKEN FAMILI','2014-08-11','2014-08-11 09:04:27','2014-08-11'),(1140,9364,72,'NTRA. SRA. DE LOURDES','4365137','79377423',41,-17.392061,-66.181469,'ACERA OESTE PLAZA BOLIVAR','2014-08-11','2014-08-11 09:16:49','2014-08-11'),(1147,9386,72,'BIODENT','','70305831',41,-17.392561,-66.181969,'PLAZA ESTUDIANTE ACERA ESTE','2014-08-12','2014-08-12 08:47:06','2014-08-12'),(1156,9403,72,'ASUNCION','4262510','',41,-17.393061,-66.182469,'MEDIA CUADRA IGLESIA CRISTIANA','2014-08-13','2014-08-13 08:11:28','2014-08-13'),(1157,9415,72,'TORO ESPINOZA','4256487','',1,-17.393561,-66.182969,'FRENTE MERCADO LA PAMPA','2014-08-13','2014-08-13 08:49:54','2014-08-13'),(1158,9419,72,'QUINTEROS','','79384867',41,-17.394061,-66.183469,'LADO FARMACIA URIEL','2014-08-13','2014-08-13 08:44:40','2014-08-13'),(1170,9450,72,'VIRGEN DE URKUPIñA','','71719848',22,-17.394561,-66.183969,'MEDIA CUADRA PLAZA PRINCIPAL DE IVIRGARZAMA','2014-08-14','2014-08-14 09:04:22','2014-08-14'),(1171,9455,72,'LOS ANGELES.','','',22,-17.395061,-66.184469,'FRENTE FARMACIA MARIA INMACULADA','2014-08-14','2018-06-14 09:16:41','2014-08-14'),(1173,9457,74,'CARRANZA','4309268','70731910',1,-17.395561,-66.184969,'CASI LADO MERCADO 10 DE FEBRERO','2014-08-14','2014-08-14 10:22:19','2014-08-14'),(1177,9489,72,'EL ROSAL','4572698','76921053',36,-17.396061,-66.185469,'A DOS CUADRAS DEL ESTADIUM MUNICIPAL','2014-08-18','2014-08-18 08:47:11','2014-08-18'),(1222,9592,75,'INDUSTRIAS DEL SUR','','',1,-17.396561,-66.185969,'BARRIO LA VERTIENTE ZONA CRUCE TAQUIÑA','2014-08-21','2014-08-21 09:22:42','2014-08-21'),(1246,9670,72,'PARROQUIA PIO X','','70789842',1,-17.397061,-66.186469,'LADO PARROQUIA PIO X','2014-08-26','2014-08-26 09:13:30','2014-08-26'),(1268,9729,72,'ODONTOLOGOS','4668106','71497516',1,-17.397561,-66.186969,'FRENTE MERCADO LA PAMPA','2014-08-29','2016-03-03 09:20:16','2016-03-03'),(1273,9744,70,'ALFREDO LUCANA','4355428','',1,-17.398061,-66.187469,'VINTO - BARRIO ZURITA','2014-08-29','2014-08-29 09:16:40','2014-08-29'),(1284,9812,75,'INDUSTRIAS EL ARABE','42106974','71439286',1,-17.398561,-66.187969,'SERCA AL MERCADO 8 DE SEPTIEMBRE- EX VILLA MEXICO- PUERTA METALICA VERDE','2014-09-02','2014-09-02 09:08:08','2014-09-02'),(1287,9815,75,'ISLA AZUL','438716','68583788',25,-17.399061,-66.188469,'CERCA A LA AVENIDA CHAPARE- PASANDO EL PUENTE DE ESMERALDA SUD 1 CUADRA- PUERTA ROJA','2014-09-02','2014-09-02 09:33:41','2014-09-02'),(1297,9133,75,'HACEMOS BOLIVIA','4447019','77999019',1,-17.399561,-66.188969,'CERCA PARQUE RIOSHINO- PUERTA DE COLOR PLOMO UNA PLANTA','2014-09-03','2014-09-03 09:52:04','2014-09-03'),(1321,9944,72,'CASTELLON','','79343110',1,-17.400061,-66.189469,'LADO CINE ASTOR','2014-09-08','2014-09-08 10:52:34','2014-09-08'),(1347,10015,70,'PRODUCTOS LA GLORIETA','4494168','79336513',1,-17.400561,-66.189969,'ESQ. 6 DE JUNIO FRENTE AL SERVICIO DE CAMINOS. CASA DE 2 PLANTA PUERTA DE COLOR AZUL','2014-09-11','2014-09-11 08:52:36','2014-09-11'),(1348,22954,78,'FENIX','4225637','',1,-17.401061,-66.190469,'PLAZA 14 DE SEPTIEMBRE ACERA OESTE CBBA','2014-09-11','2016-10-10 08:30:26','2016-10-10'),(1399,4655,75,'VILLAVICENCIO IBAÑEZ JESUS DURWIN','4251597','',1,-17.401561,-66.190969,'EDIFICO TORRES SOFFER PISO 2 ZONA CENTRAL','2014-09-22','2014-09-22 09:22:48','2014-09-22'),(1407,525,75,'PRODUCTOS LA ITALIA','4244727','',1,-17.402061,-66.191469,'CASA BLANCA PUERTA AMARILLO','2014-09-23','2016-05-19 08:36:05','2016-05-19'),(1409,10270,72,'SAN LUIS','4364354','70792569',1,-17.402561,-66.191969,'LADO TIENDA DE BATERIAS','2014-09-23','2014-09-23 09:26:38','2014-09-23'),(1456,10374,70,'TROPIBAND','71424326','',46,-17.403061,-66.192469,'PORTON CON GARAJE DE COLOR PLATEADO- CHAPARE','2014-09-26','2014-09-26 09:39:14','2014-09-26'),(1457,10376,72,'SAN MAURO','4500593','70730682',1,-17.403561,-66.192969,'EDIFICIO TARDIO DOS PISO 2 OFI. B','2014-09-26','2014-09-26 09:59:45','2014-09-26'),(1459,10378,75,'HORTALIZAS DE LA GRANJA','4249810','70367711',40,-17.404061,-66.193469,'2 CUADRAS AL SUR DEL COMPLEJO AZUL AZUL- DE LA AV. SEXTA','2014-09-26','2014-09-26 11:22:27','2014-09-26'),(1475,9609,71,'THE GOLD BEAN','','70761913',1,-17.404561,-66.193969,'CASA DE UNA PLANTA PUERTA COLOR ROJO','2014-10-01','2016-02-17 11:45:11','2016-02-17'),(1485,10467,72,'VILLARROEL GONZALES','4271151','74321879',25,-17.405061,-66.194469,'KM. 7 1/2 AV. VILLAZON','2014-10-02','2014-10-02 09:32:57','2014-10-02'),(1522,10563,70,'AGUA RICA','','',1,-17.381061,-66.170469,'CASA DE 2 PLANTAS CON PUERTA DE METAL CORREDIZA','2014-10-08','2014-10-08 08:37:30','2014-10-08'),(1527,10568,75,'CIENCIA INNOVACION Y NUTRICION','4253520','68707011',1,-17.380561,-66.169969,'CASA DE DOS PLANTAS COLOR PLOMO PUERTA CAFE','2014-10-08','2014-10-08 09:14:20','2014-10-08'),(1535,10583,75,'FRACCIONADORA EL BUEN CHEFF','4316115','65313215',43,-17.380061,-66.169469,'URB. ROSEDAL','2014-10-09','2015-01-28 09:08:43','2015-01-28'),(1544,10613,75,'EL OLAM','','71769918',41,-17.379561,-66.168969,'3 PLANTA 3RA PISO PUERTA DE MADERA CAFE','2014-10-10','2014-10-10 09:10:34','2014-10-10'),(1573,10676,80,'DCI- AMARANTO','4307658','',1,-17.379061,-66.168469,'ZONA CANDELARIA - FINAL OESTE COLEGIO TAQUIÑA','2014-10-14','2015-09-24 10:13:09','2015-09-24'),(1584,10689,75,'INDUSTRIA PROCESADORA ALIMENTOS FARINACEOS','4280835','72705219',1,-17.378561,-66.167969,'PUERTA PEQUEÑA COLOR ROJO- GALPON','2014-10-14','2014-10-14 12:12:57','2014-10-14'),(1588,10720,80,'INDUSTRIA PANIFICADORA INPASA','4702002','77494065',25,-17.378061,-66.167469,'AV. VILLAZON KM.10 CASA BLANCA PUERTA ROJA','2014-10-15','2014-10-15 10:21:55','2014-10-15'),(1595,10742,71,'SALADITOS KATHY','4370492','',40,-17.377561,-66.166969,'FINAL D´ORBIGNI CASA DE DOS PLANTAS','2014-10-16','2014-10-16 13:13:29','2014-10-16'),(1612,10797,72,'OERI','4241899','70735873',1,-17.377061,-66.166469,'LADO CENTRO MEDICO SAN CARLOS','2014-10-20','2014-10-20 09:48:37','2014-10-20'),(1638,10868,72,'SAN JOSE III','','79703328',1,-17.376561,-66.165969,'FRENTE COLEGIO AMOR DE DIOS','2014-10-22','2014-10-22 09:13:47','2014-10-22'),(1685,10967,80,'INDUSTRIA CARNICA ARANCIBIA','4356000','74800806',44,-17.376061,-66.165469,'FRENTE A LA POSTA DE SALUD CHINCHILLA- CASA 3 PLANTAS COLOR GUINDO PUERTA CREMA','2014-10-28','2014-10-28 10:13:01','2014-10-28'),(1731,11086,75,'LA COLMENA','4257566','70367484',1,-17.375561,-66.164969,'EDIFICIO DE 4 PLANTAS COLOR BEGIES PUERTA CAFE','2014-11-06','2014-11-06 09:53:39','2014-11-06'),(1738,11092,75,'ACTIVA','4048118','70782660',1,-17.375061,-66.164469,'PACATA (BATEON) CASA DE 2 PISOS COLOR CREMA PUERTA NEGRO','2014-11-06','2014-11-06 10:37:43','2014-11-06'),(1741,11095,75,'TODO LISTO','4224150','72297129',1,-17.374561,-66.163969,'PARQUE DEL MAESTRO - CASA DOS PLANTA PUERTA VERDE','2014-11-06','2014-11-06 11:33:08','2014-11-06'),(1749,11112,75,'PROCOM','71787558','',1,-17.374061,-66.163469,'CERCA A LA LAGUNA ALALAY- CASA DE 3 PLANTAS COLOR NARANJA PUERTA VERDE','2014-11-07','2014-11-07 10:03:58','2014-11-07'),(1754,11123,75,'REFRESKT','4261405','72769991',41,-17.373561,-66.162969,'ZONA SUD CASA COLOR BLANCO PUERTA NEGRO','2014-11-10','2014-11-10 09:37:15','2014-11-10'),(1755,953,75,'WALYBBOL','4018431','76434937',1,-17.373061,-66.162469,'CASA DE PUERTA AZUL','2014-11-10','2016-05-31 10:30:34','2016-05-31'),(1782,11170,80,'HIELOS Y AGUA - CHACALTAYA','4123456','70718084',1,-17.372561,-66.161969,'EDIFICIO DE 4 PISOS COLOR BIEGES PUERTA DE MADERA COLOR CAFE','2014-11-12','2014-11-12 10:06:02','2014-11-12'),(1787,11173,75,'BOLIVIAS FRUIT LTDA.','4509024','78309460',1,-17.372061,-66.161469,'CASA DE DOS PISOS COLOR BIEGES PUERTA MADERA CAFE','2014-11-12','2014-11-12 11:11:01','2014-11-12'),(1804,11222,75,'JUANA GUZMAN PEÑA','4318852','',43,-17.371561,-66.160969,'CAMPUS UNIVALLE','2014-11-14','2014-11-14 08:52:30','2014-11-14'),(1809,11227,75,'INDALCO','4546813','70726606',43,-17.371061,-66.160469,'CASA DE UNA PLANTA COLOR CAFE PUERTA NEGRA','2014-11-14','2014-11-14 10:31:44','2014-11-14'),(1834,11308,75,'PRODUCTOS ALMANZA','4379674','71767246',1,-17.370561,-66.159969,'CASA DE 2 PISOS COLOR BLANCO PUERTA VERDE','2014-11-19','2014-11-19 09:10:04','2014-11-19'),(1835,11307,75,'CAPRA','4319783','71722592',41,-17.370061,-66.159469,'CASA DE 2 PISOS COLOR BLANCO Y CAFE PUERTA ROJA','2014-11-19','2014-11-19 09:38:24','2014-11-19'),(1849,11340,72,'BALWINK','4530505','70382592',1,-17.369561,-66.158969,'MEDIA CUADRA AL MERCADO DE LA PAPA PAULO','2014-11-21','2014-11-21 08:02:00','2014-11-21'),(1856,11360,75,'CONVERTIDORA BOLIVIANA DE ALIMENTOS','4287211','70712093',1,-17.369061,-66.158469,'GALPON COLOR CREMA TECHO DE CALAMINA PUERTA COLOR ROJO','2014-11-21','2014-11-21 10:33:48','2014-11-21'),(1861,11385,72,'BARRIENTOS','4511244','72294422',1,-17.368561,-66.157969,'MEDIA CUADRA ANTES DE LLEGAR A LA 25 DE MAYO','2014-11-24','2014-11-24 09:06:54','2014-11-24'),(1864,11386,71,'ACEITUNAS ELENITA Y DERIVADOS','4310922','77948444',43,-17.368061,-66.157469,'CASA DE UNA PLANTA COLOR PIEDRA VISTA CON OJOS DE BUEY PUERTA COLOR CAFE','2014-11-24','2014-11-24 09:34:08','2014-11-24'),(1868,11388,71,'PANIFICADORA 10 DE SEPTIEMBRE','4750407','70361904',1,-17.367561,-66.156969,'CASA DE DOS PLANTAS COLOR CAFE PUERTA COLOR VERDE','2014-11-24','2014-11-24 10:34:05','2014-11-24'),(1884,11440,72,'CARBALLO','4411426','70794270',1,-17.367061,-66.156469,'UNA CUADRA AL NORTE DE LA DORBIGNI','2014-11-26','2014-11-26 09:06:29','2014-11-26'),(1891,11378,71,'PATRON CINTEÑO','','72726652',1,-17.366561,-66.155969,'CASA DE DOS PLANTAS DE COLOR CAFE CON PUERTA PLOMA','2014-11-27','2014-11-27 09:57:47','2014-11-27'),(1933,11539,75,'POSEIDON LIGTH','4455765','72274960',1,-17.366061,-66.155469,'CASA DE 3 PISOS COLOR SALMON PUERTA DE MADERA','2014-12-02','2014-12-02 09:20:15','2014-12-02'),(1938,11556,75,'LEBENSKRAFT','4470096','67201220',1,-17.365561,-66.154969,'CASA COLOR AMARILLO PUERTA METAL COLOR BEIGES','2014-12-03','2014-12-03 08:42:24','2014-12-03'),(1956,11608,75,'PANIFICADORA NANCY','4262234','77403288',41,-17.365061,-66.154469,'AV. MARTIN CARDENAS CASA COLOR BEIGES PUERTA AZUL','2014-12-04','2014-12-04 11:45:57','2014-12-04'),(1960,11638,75,'EL HORNITO','4701965','79719963',25,-17.364561,-66.153969,'CASA DE DOS PLANTAS COLOR GUINDO PUERTA CAFE','2014-12-05','2014-12-05 09:18:22','2014-12-05'),(1961,2586,75,'SAN RAFAEL','4558021','76910082',1,-17.364061,-66.153469,'DOS PLANTAS','2014-12-05','2014-12-05 09:37:36','2014-12-05'),(1968,11662,75,'PANIFICADORA Y REPOSTERIA BELEN','4363794','77403800',41,-17.363561,-66.152969,'CASA DE UNA PLANTA COLOR BEIGES PUERTA COLOR BEIGES','2014-12-08','2014-12-08 09:22:17','2014-12-08'),(1973,11665,75,'PANIFICADORA ESMERALDA','4263853','65705235',41,-17.363061,-66.152469,'CASA DE DOS PLANTAS COLOR CEMENTO PUERTA VERDE','2014-12-08','2014-12-08 10:42:01','2014-12-08'),(1974,11667,75,'PANIFICADORA COPACABANA','4365558','68773141',41,-17.362561,-66.151969,'CASA DE DOS PLANTAS COLOR LADRILLO VISTO PUERTA ROJA','2014-12-08','2014-12-08 10:57:53','2014-12-08'),(1977,11686,71,'LOQUIS SNACK S','4229862','70768499',25,-17.362061,-66.151469,'CASA DE UNA PLANTA COLOR LADRILLO VISTO PUERTA COLOR BLANCO','2014-12-09','2014-12-09 09:01:35','2014-12-09'),(1986,11699,72,'CHAVARRIA MEJIA','4451863','72775903',1,-17.361561,-66.150969,'SE ENCUENTRA ENTRE LAS C. JULIO BENABENTE Y C. M.E BALLIVIAN ACERA SUD','2014-12-09','2014-12-09 13:59:33','2014-12-09'),(1987,11712,75,'IRMA RAMIREZ VILLCA-SALEM','4757792','71430927',1,-17.361061,-66.150469,'CASA DE DOS PISOS COLOR AMARILLO PUERTA COLOR AMARILLO','2014-12-10','2014-12-10 09:22:23','2014-12-10'),(4002,20822,120,'PULPERIA DE BARRIO JULIETA','4476145','',1,-17.382561,-66.171069,'CASA DE 1 PLANTA ROJO COM BLANCO','2016-06-06','2016-06-06 11:01:33','2016-06-06'),(4003,20823,33,'ALMACEN VIKI','','75461086',1,-17.383561,-66.171169,'CASA 4 PLANTAS COLOR NARANJA','2016-06-06','2016-06-06 11:28:52','2016-06-06'),(4006,20845,109,'REPOSTERIA EL REY','4304340','',1,-17.384561,-66.171269,'CASA DE 1 PLANTA COLOR GUINDO','2016-06-07','2016-06-07 09:44:40','2016-06-07'),(4007,20846,121,'LIM','','67535573',1,-17.385561,-66.171369,'CASA DE 1 PLANTA COLOR ANARANJADO','2016-06-07','2016-06-07 10:38:52','2016-06-07'),(4010,20870,31,'LOCAL LOS NEGROS','4236490','',1,-17.386561,-66.171469,'CASA DE 1 PLANTA COLOR ROZADDO','2014-06-08','2016-06-08 10:04:10','2016-06-08'),(4011,20871,107,'IL PORTO','4487880','70300900',1,-17.387561,-66.171569,'CASA DE 2 PLANTAS COLOR PLOMO','2014-06-08','2016-06-08 10:13:48','2016-06-08'),(4013,20902,33,'TIENDA MATIAS','4293732','73786680',1,-17.388561,-66.171669,'CASA 1 PLANTA COLOR AMARILLO','2016-06-09','2016-06-09 09:12:20','2016-06-09'),(4014,20889,1,'DOñA BENITA','','72751455',1,-17.389561,-66.171769,'CASA DE 1 PLANTA OBRA BRUTA','2014-06-09','2016-06-09 09:24:04','2016-06-09'),(4015,20908,120,'TIENDA AMERICA','4421609','70765330',1,-17.390561,-66.171869,'CASA DE 1 PLANTA COLOR AZUL','2014-06-09','2016-06-09 09:38:49','2016-06-09'),(4016,20909,31,'LOCAL DOÑA BASILIA','4721860','71718361',1,-17.391561,-66.171969,'CASA DE 2 PLANTAS COLOR ROJO CON BLANCO','2016-06-09','2016-06-09 09:53:56','2016-06-09'),(4017,20910,114,'FRIAL LA SELECTA','','72993572',1,-17.392561,-66.172069,'CASA DE 1 PLANTA COLOR AZUL Y AMARILLO','2016-06-09','2016-06-09 10:22:35','2016-06-09'),(4019,20912,33,'ALMACEN CEC','','76460160',1,-17.393561,-66.172169,'CASA DE1 PLANTA COLOR CREMA','2016-06-09','2016-06-09 10:47:24','2016-06-09'),(4021,20924,121,'BETHS','','',1,-17.394561,-66.172269,'CASA DE 2 PLANTAS COLOR AMARILLO','2016-06-10','2016-06-10 08:34:46','2016-06-10'),(4023,20929,113,'TIP Y TAP','4280454','72731828',1,-17.395561,-66.172369,'CASA DE 2 PLANTAS COLOR VERDE','2014-06-10','2016-06-10 09:27:52','2016-06-10'),(4032,20967,46,'REPOSTERIA MARIA LIZ','','79344535',1,-17.396561,-66.172469,'CASA DE 1 PLANTA COLOR CREMA LADO DE UNA PELUQUERIA','2016-06-13','2016-06-13 09:38:03','2016-06-13'),(4035,20968,129,'FRIAL MERCADONA','4591466','60365840',1,-17.397561,-66.172569,'CASA DE DOS PLANTAS COLOR AMARILLO (ZONA SUD)','2016-06-13','2018-06-25 12:44:25','2016-06-13'),(4036,20980,1,'DOñA MARGARITA','','74341048',1,-17.398561,-66.172669,'CASA DE 2 PLANTAS COLOR BLANCO','2016-06-14','2016-06-14 08:42:47','2016-06-14'),(4039,21020,4,'BAR RESTAURANT DOñA EMMA','4218859','79325776',1,-17.399561,-66.172769,'CASA DE 2 PLANTAS A MEDIA CONTRUCCION','2016-06-15','2016-06-15 09:41:38','2016-06-15'),(4041,21029,37,'KIOSCO ESMERALDA','','71439066',1,-17.400561,-66.172869,'KIOSCO DE MADERA COLOR CAFE CON ANARANJADO (INTERIOR DEL TINGLADO)','2016-06-16','2016-06-16 09:58:06','2016-06-16'),(4043,21062,23,'BAÑOS TORRICO','','74088963',1,-17.401561,-66.172969,'CASA DE 3 PLANTAS COLOR MARFIL Y ROJO','2016-06-17','2016-06-17 09:11:55','2016-06-17'),(4045,21068,33,'TIENDA BANDIEROS','4236536','76489716',1,-17.402561,-66.173069,'CASA DE 3 PLANTA COLOR BEIGE','2016-06-17','2016-06-17 09:36:26','2016-06-17'),(4047,21070,2,'PENSION DOñA MARIA 2','','72245818',1,-17.403561,-66.173169,'CASA DE 1 PLANTA COLOR LADRILLO PORTON NEGRO','2016-06-17','2016-06-17 10:05:40','2016-06-17'),(4049,21090,110,'PANADERIA EL BUEN SAMARITANO','','60775891',1,-17.404561,-66.173269,'CASA DE 1 PLANTA LADRILLO VISTO','2015-06-22','2016-06-22 10:07:04','2016-06-22'),(4050,21091,31,'CHICHARRONERIA DOñA MIRIAN','','72732415',1,-17.405561,-66.173369,'CASA DE1 PLANTA COLOR LADRILLO VISTO (PUERTA BERDE)','2016-06-22','2016-06-22 10:40:28','2016-06-22'),(4054,21092,16,'PELUQUERIA LOS ESPEJOS','4489405','72280790',1,-17.406561,-66.173469,'CASA DE 2 PLANTAS COLOR BLANCO','2014-06-23','2016-06-23 09:26:32','2016-06-23'),(4056,21107,61,'TUCUMANAS SAN SIMON','','79761632',1,-17.407561,-66.173569,'CASETA DE COLOR BERDE','2016-06-23','2016-06-23 09:58:17','2016-06-23'),(4058,21112,1,'PENSION BIALJHO','','70794343',1,-17.408561,-66.173669,'CASA DE 1 PLANTA COLOR PERLA (VISTO DE CERAMICA)','2016-06-24','2016-06-24 09:24:48','2016-06-24'),(4059,21113,137,'TOMA LAZARTE','4796292','71714012',1,-17.409561,-66.173769,'CASA DE 1 PLANTA COLOR PLOMO','2014-06-24','2016-06-24 09:44:46','2016-06-24'),(4061,21131,13,'POLLOS PRIMO','','71776787',1,-17.410561,-66.173869,'CASA DE 1 PLANTA DE COLOR AMARILLO','2016-06-27','2016-06-27 10:00:46','2016-06-27'),(4064,21134,44,'POTOSIMANTA SALTEÑERIA','','67157005',1,-17.411561,-66.173969,'CASA DE 1 PLANTA COLOR CREMA','2016-06-28','2016-06-28 08:37:04','2016-06-28'),(4065,21136,3,'COFFEE CRAFT','','79718313',1,-17.412561,-66.174069,'CASA DE 2 PLANTAS COLOR CREMA','2016-06-28','2016-06-28 09:01:20','2016-06-28'),(4066,21142,4,'JAQUELIN','','70719414',1,-17.413561,-66.174169,'CASA DE1 PLANTA COLOR LADRILLO','2016-06-28','2016-06-28 09:13:32','2016-06-28'),(4067,21149,1,'PENSION DOÑA MERY','','76950061',1,-17.414561,-66.174269,'CASA DE 1 PLANTA COLOR CEMENTO CON LADRILLO','2016-06-28','2016-06-28 09:28:40','2016-06-28'),(4069,19387,61,'TUS ANTOJOS 2','4520016','72733400',1,-17.415561,-66.174369,'PUESTO EN LA CALLE CARRITO DE COLOR AMARILLO','2016-06-28','2016-06-28 10:53:31','2016-06-28'),(4072,21160,16,'MIROIRS','4553659','65476278',1,-17.416561,-66.174469,'EDIFICIO DE 8 PLANTAS DE COLOR VERDE','2014-06-28','2016-06-28 11:38:47','2016-06-28'),(4073,21175,2,'LOCAL JUANA','','74313648',1,-17.417561,-66.174569,'CASA DE 1 PLANTA COLOR CEMENTO','2016-06-29','2016-06-29 09:29:19','2016-06-29'),(4074,341,109,'KOPI PAN','4399517','',1,-17.418561,-66.174669,'CASA DE 2 PLANTAS COLOR LADRILLO','2014-06-29','2016-06-29 11:13:37','2016-06-29'),(4076,21189,27,'MUNDO LICOR','4476895','60788552',1,-17.419561,-66.174769,'CASA 1 PLANTA COLOR CAFE','2016-06-30','2016-06-30 10:33:05','2016-06-30'),(4077,21191,110,'PANADERIA AYOPAYA','4430828','70752407',1,-17.420561,-66.174869,'CASA DE 2 PLANTAS COLOR CAFE PUERTA NEGRO','2014-06-30','2016-06-30 11:30:14','2016-06-30'),(4079,6017,15,'TUYOGUR FROZEN BAR','4530482','60352152',1,-17.421561,-66.174969,'CASA DE 1 PLANTA REJAS BLANCO CON PILAR NEGRO','2016-07-01','2016-07-01 09:11:12','2016-07-01'),(4080,21215,114,'ELIZ','','72265056',1,-17.422561,-66.175069,'CASA DE 3 PLANTAS COLOR BEIGE','2016-07-01','2016-07-01 09:51:26','2016-07-01'),(4081,21215,114,'FRIAL SANTIAGO SUD','','72265056',1,-17.423561,-66.175169,'CASA DE 3 PLANTAS COLOR BEIGE','2016-07-01','2016-07-01 10:09:55','2016-07-01'),(4084,13421,10,'ZUKUNFT S.R.L.','4051070','77052666',1,-17.424561,-66.175269,'CASA DE1 PLANTA COLOR NARANJA Y CAFE','2016-07-01','2016-08-02 13:59:13','2016-08-02'),(4085,12845,120,'M Y N','4732306','72241026',1,-17.425561,-66.175369,'CASA DE 2 PLANTAS COLOR BEIGE','2016-07-04','2016-07-04 08:30:58','2016-07-04'),(4086,12892,3,'CON YAPA TE VA A ENCANTAR','4548627','79777455',1,-17.426561,-66.175469,'CASA DE 1 PLNATA COLOR BLANCO','2016-07-04','2016-07-04 09:12:32','2016-07-04'),(4087,21232,61,'DESAYUNOS DAVID','','65320340',1,-17.427561,-66.175569,'PUESTO SOBRE LA ACERA SOMBRILLAS DE COLOR AZULES','2016-07-04','2016-07-04 09:42:01','2016-07-04'),(4088,223,3,'EL TAROPE','4721436','77408552',1,-17.428561,-66.175669,'CASA DE 2 PLANTAS COLOR BLANCO','2016-07-04','2016-07-04 10:02:32','2016-07-04'),(4092,21237,4,'GAVIOTA','','70739482',1,-17.429561,-66.175769,'CASA DE 2 PLNTAS COLOR BLANCO','2014-07-04','2016-07-04 10:56:10','2016-07-04'),(4096,5936,109,'LIDIA','4304336','',1,-17.430561,-66.175869,'CASA 1 DE PLANTA DE COLOR VERDE','2015-07-05','2016-07-05 10:29:31','2016-07-05'),(4101,21264,4,'LA CRESTA SABOR ESPAÑOL','4-4432414','75070109',1,-17.431561,-66.175969,'CASA DE UNA PLANTA COLOR BLANCO CON REJAS.','2016-07-06','2017-12-22 10:30:23','2016-07-06'),(4105,5693,13,'POLLOS DELY','4225177','60374508',1,-17.432561,-66.176069,'CASA DE 2 PLANTAS EN CONSTRUCCION','2016-07-06','2016-07-06 09:42:36','2016-07-06'),(4107,5936,83,'REPOSTERIA LIVIA','','',1,-17.433561,-66.176169,'PUESTO EN EL MERCADO','2015-07-06','2016-07-06 10:33:46','2016-07-06'),(4111,21307,31,'DOÑA PASCUALA','4272150','72289887',25,-17.434561,-66.176269,'CASA DE 1 PLANTA DE COLOR GUINDO OSCURO','2016-07-08','2016-07-08 08:38:07','2016-07-08'),(4113,21317,1,'CALDOS DOÑA FLOR','','60796840',1,-17.435561,-66.176369,'CASA DE 1 PLANTA DE COLOR CAFE','2016-07-08','2016-07-08 09:17:01','2016-07-08'),(4114,21318,18,'ALOJAMIENTO CARDOZO','4520052','70907053',1,-17.436561,-66.176469,'CASA DE 3 PLANTAS COLOR CEMENTO','2016-07-08','2016-07-08 09:48:22','2016-07-08'),(4115,21319,3,'RINCONCITO ORUREÑO','','77157639',1,-17.437561,-66.176569,'CASA DE UNA PLANTA TINGLADO COLOR NARANJA','2016-07-08','2016-07-08 10:00:54','2016-07-08'),(4116,21320,33,'EL CHAVO','4893665','68445377',40,-17.438561,-66.176669,'CASA DE TRES PLANTAS COLOR CEMENTO','2016-07-08','2016-07-08 10:12:42','2016-07-08'),(4117,21321,1,'PENSION DOÑA ELENA','','68547784',1,-17.439561,-66.176769,'CASA DE DOS PLANTAS COLOR ROSADO','2016-07-08','2016-07-08 10:21:23','2016-07-08'),(4121,21322,33,'R.T.','44816782','67561036',1,-17.440561,-66.176869,'CASA DOS PLANTAS DE COLOR AZUL','2016-07-11','2016-07-11 08:47:39','2016-07-11'),(4122,21331,4,'RESTAURANTE NATY','','78327087',1,-17.441561,-66.176969,'CASA DE UNA PLANTA COLOR PLOMO CON BLANCO','2016-07-11','2016-07-11 09:20:57','2016-07-11'),(4123,21337,4,'LA PRENSA','4580112','72717169',1,-17.442561,-66.177069,'CASA DE DOS PLANTAS PIEDAR VISTA CON REJAS BLANCO','2016-07-11','2016-12-29 08:31:58','2016-07-11'),(4128,21361,32,'DISTRIBUIDORA J Y C','4309240','65313397',1,-17.443561,-66.177169,'CASA DE UNA PLANTA COLOR MOSTAZA','2016-07-12','2016-07-12 08:42:33','2016-07-12'),(4132,21366,1,'CALDOS BETY','','68597316',40,-17.444561,-66.177269,'CASA DE DOS PLANTAS DE COLOR CEMENTO','2016-07-12','2016-07-12 09:04:39','2016-07-12'),(4133,21373,36,'CARNICERIAS EL CARMEN','4304769','70759360',1,-17.445561,-66.177369,'CASA DE TRES PLANTAS DE COLOR BEIGI','2015-07-12','2016-07-12 09:26:29','2016-07-12'),(4134,17986,3,'LA SANGUCHERIAS','','77977604',1,-17.446561,-66.177469,'EDIFICIO DE 8 PLANTAS COLOR BLANCO','2016-07-12','2016-07-12 10:32:17','2016-07-12'),(4135,21380,37,'KIOSCO URKUPIÑITA','','70754722',1,-17.447561,-66.177569,'KIOSCO DE MADERA','2016-07-12','2016-07-12 09:54:29','2016-07-12'),(4136,3871,113,'DOÑA MARTHA II','4461085','76962581',1,-17.448561,-66.177669,'CASA DE DOS PLANTAS COLOR NARAJA','2015-07-12','2016-07-12 10:20:12','2016-07-12'),(4141,8,1,'PENSION FAMILIAR','','76438362',1,-17.449561,-66.177769,'CASA DE UNA PLANTA COLOR AZUL CON BLANCO','2014-07-13','2016-07-13 09:01:36','2016-07-13'),(4142,21469,114,'FRIAL MERCADITO ALG','','70746030',1,-17.450561,-66.177869,'CASA DE PLANTA COLOR AZUL','2014-07-13','2016-07-15 09:06:38','2016-07-15'),(4143,21411,53,'AGENCIA LECHE PIL','4502691','65510092',1,-17.451561,-66.177969,'CASA DE DOS PLANTAS OBRA GRUESA','2016-07-13','2016-07-13 09:52:52','2016-07-13'),(4144,21412,15,'ABUELITA RUTH I','4401714','70718187',1,-17.452561,-66.178069,'CASA DE DOS PLANTAS DE COLOR BLANCA CON MORADO Y CAFE','2016-07-13','2016-07-13 10:05:51','2016-07-13'),(4145,21413,1,'GARLIC BREAD','4522356','77933977',1,-17.453561,-66.178169,'CASA DE CINCO PLANTAS COLOR PLOMO','2016-07-13','2016-07-13 10:29:00','2016-07-13'),(4146,9394,113,'LOS CASTORES I','4798010','70784395',1,-17.454561,-66.178269,'CASA DE DOS PLANTAS COLOR NARANJA','2014-07-13','2016-12-06 08:35:26','2016-12-06'),(4148,21417,34,'DOñA ESPERANZA','4753138','70786737',1,-17.455561,-66.178369,'CASA DE DOS PLANTAS DE COLOR ROJO','2014-07-14','2016-07-14 08:37:32','2016-07-14'),(4151,21472,121,'BROASTERIA VIZZIOS','','79700015',1,-17.456561,-66.178469,'EDIFICIO DE 6 PLANTAS DE COLOR LADRILLO','2015-07-15','2016-07-15 11:11:34','2016-07-15'),(4153,21472,121,'BROASTERIA VIZZIOS I','','79700015',1,-17.457561,-66.178569,'CASA DE DOS PLANTAS DE COLOR LADRILLO','2015-07-15','2016-07-15 10:00:56','2016-07-15'),(4154,21474,121,'CHIQUE BROASTER','4246201','70781770',1,-17.458561,-66.178669,'CASA DE TRES PLANTAS COLOR CREMA','2014-07-15','2016-07-15 10:26:09','2016-07-15'),(4155,21475,27,'READY 2 GO','4439928','70724214',1,-17.459561,-66.178769,'CASA DE UNA PLANTA COLOR VERDE CON NEGRO','2016-07-15','2016-07-15 10:56:43','2016-07-15'),(4157,21475,3,'DE FRUTA MADRE','4439928','70724214',1,-17.460561,-66.178869,'CASA DE UNA PLANTA COLOR VERDE CON NEGRO','2016-07-15','2016-07-15 10:54:26','2016-07-15'),(4158,21488,12,'EL GARAGE','4669606','60397062',1,-17.461561,-66.178969,'CASA DE UNA PLANTA COLOR BLANCA PORTON VERDE','2016-07-18','2016-07-18 09:06:33','2016-07-18'),(4178,21524,120,'PULPERIA URKUPIÑA','','65742845',1,-17.462561,-66.179069,'CASA DE DOS PLANTA DE COLOR BLANCO','2016-07-19','2016-07-19 10:10:27','2016-07-19'),(4180,21526,1,'MR JHON¨S','4502259','72251669',1,-17.463561,-66.179169,'CASA DE DOS PLANTAS COLOR VERDE','2016-07-19','2016-07-19 10:46:41','2016-07-19'),(4182,21539,121,'G BACHOS ROTICERIA','4309356','67538251',1,-17.464561,-66.179269,'CASA DE DOS PLANRAS DE COLOR CEMENTO','2016-07-20','2016-07-20 09:04:57','2016-07-20'),(4189,21555,3,'SNACK ANDREA','4521131','71732693',1,-17.465561,-66.179369,'CASA DE DOS PLANTAS DE COLOR CREMA','2014-07-21','2016-07-21 09:02:02','2016-07-21'),(4190,21557,31,'LOCAL DOñA MECHY','4710132','70304406',25,-17.466561,-66.179469,'CASA DE UNA PLANTA COLOR LADRILLO VISTO','2016-07-21','2016-07-21 09:59:49','2016-07-21'),(4193,21603,10,'CHEERS','','70722254',1,-17.467561,-66.179569,'EDIFICIO DE CUANTRO PLANTAS DE COLOR CREMA','2016-07-25','2016-07-25 09:54:08','2016-07-25'),(4195,21582,4,'SK MADRES','4223183','71753064',25,-17.468561,-66.179669,'CASA DE DOS PLANTAS DE COLOR BLANCO CON ROJO','2016-07-25','2016-07-25 11:15:09','2016-07-25'),(4198,21622,1,'PENSION DON JOSE','4281337','',1,-17.469561,-66.179769,'CASA DE DOS PLANTAS COLOR CREMA','2014-07-26','2016-07-26 09:36:34','2016-07-26'),(4199,21623,24,'VJ-3','4028877','',1,-17.470561,-66.179869,'CASA DE UNA PLANTA COLOR BLANCO','2016-07-26','2016-07-26 09:55:32','2016-07-26');
/*!40000 ALTER TABLE `establecimiento` ENABLE KEYS */;
UNLOCK TABLES;

--
-- Table structure for table `establecimientoindustria`
--

DROP TABLE IF EXISTS `establecimientoindustria`;
/*!40101 SET @saved_cs_client     = @@character_set_client */;
/*!40101 SET character_set_client = utf8 */;
CREATE TABLE `establecimientoindustria` (
  `idEstablecimientoIndustria` int(11) NOT NULL,
  `varones` int(11) NOT NULL DEFAULT '0',
  `mujeres` int(11) NOT NULL DEFAULT '0',
  `inversionMaquinaria` double NOT NULL DEFAULT '0',
  PRIMARY KEY (`idEstablecimientoIndustria`),
  CONSTRAINT `FK_Establecimiento` FOREIGN KEY (`idEstablecimientoIndustria`) REFERENCES `establecimiento` (`idEstablecimiento`) ON DELETE NO ACTION ON UPDATE NO ACTION
) ENGINE=InnoDB DEFAULT CHARSET=latin1;
/*!40101 SET character_set_client = @saved_cs_client */;

--
-- Dumping data for table `establecimientoindustria`
--

LOCK TABLES `establecimientoindustria` WRITE;
/*!40000 ALTER TABLE `establecimientoindustria` DISABLE KEYS */;
INSERT INTO `establecimientoindustria` VALUES (1005,1,2,18000),(1041,6,4,800000),(1042,1,1,10000),(1067,0,2,70000),(1069,0,2,121000),(1090,0,0,80000),(1129,0,2,85000),(1130,1,0,110000),(1222,0,3,20000),(1273,3,18,250000),(1284,2,2,120000),(1287,0,0,160000),(1297,0,1,15000),(1347,4,1,347000),(1399,2,0,2400),(1407,3,0,7000),(1456,1,1,20000),(1459,0,5,10000),(1475,3,0,3500),(1522,22,3,200000),(1527,1,1,27300),(1535,1,1,2000),(1544,1,1,4000),(1573,1,1,280000),(1584,0,1,14000),(1588,3,8,490000),(1595,1,0,7000),(1685,4,4,350000),(1731,1,3,48720),(1738,0,0,25000),(1741,1,2,30000),(1749,1,0,0),(1754,1,0,56000),(1755,0,0,50000),(1782,21,4,200000),(1787,2,4,20000),(1804,1,2,40000),(1809,1,0,60000),(1834,1,1,7000),(1835,1,2,50000),(1856,2,4,50000),(1864,0,1,5000),(1868,1,1,12000),(1891,1,1,9500),(1933,3,3,50000),(1938,0,0,52500),(1956,2,2,35000),(1960,0,2,5000),(1961,0,2,25000),(1968,1,1,20000),(1973,3,3,50000),(1974,3,3,35000),(1977,1,0,500),(1987,0,2,5600);
/*!40000 ALTER TABLE `establecimientoindustria` ENABLE KEYS */;
UNLOCK TABLES;

--
-- Table structure for table `establecimientosalud`
--

DROP TABLE IF EXISTS `establecimientosalud`;
/*!40101 SET @saved_cs_client     = @@character_set_client */;
/*!40101 SET character_set_client = utf8 */;
CREATE TABLE `establecimientosalud` (
  `idEstablecimientoSalud` int(11) NOT NULL AUTO_INCREMENT,
  `puntajeInicial` int(11) NOT NULL DEFAULT '0',
  `porcentajeInicial` int(11) NOT NULL DEFAULT '0',
  PRIMARY KEY (`idEstablecimientoSalud`),
  CONSTRAINT `FK_EstablecimientoS` FOREIGN KEY (`idEstablecimientoSalud`) REFERENCES `establecimiento` (`idEstablecimiento`) ON DELETE NO ACTION ON UPDATE NO ACTION
) ENGINE=InnoDB AUTO_INCREMENT=1987 DEFAULT CHARSET=latin1;
/*!40101 SET character_set_client = @saved_cs_client */;

--
-- Dumping data for table `establecimientosalud`
--

LOCK TABLES `establecimientosalud` WRITE;
/*!40000 ALTER TABLE `establecimientosalud` DISABLE KEYS */;
INSERT INTO `establecimientosalud` VALUES (1023,98,98),(1024,94,94),(1031,0,0),(1036,97,97),(1055,95,95),(1089,100,100),(1094,97,97),(1097,100,100),(1114,98,98),(1136,97,97),(1138,96,96),(1139,97,97),(1140,93,93),(1147,96,96),(1156,92,92),(1157,97,97),(1158,100,100),(1170,94,94),(1171,98,98),(1173,90,90),(1177,97,97),(1246,100,100),(1268,99,99),(1321,99,99),(1348,98,98),(1409,0,0),(1457,79,79),(1485,95,95),(1612,95,95),(1638,94,94),(1849,95,95),(1861,96,96),(1884,96,96),(1986,94,94);
/*!40000 ALTER TABLE `establecimientosalud` ENABLE KEYS */;
UNLOCK TABLES;

--
-- Table structure for table `municipio`
--

DROP TABLE IF EXISTS `municipio`;
/*!40101 SET @saved_cs_client     = @@character_set_client */;
/*!40101 SET character_set_client = utf8 */;
CREATE TABLE `municipio` (
  `idMunicipio` int(11) NOT NULL,
  `nombreMunicipio` varchar(30) NOT NULL,
  `idProvincia` int(11) NOT NULL,
  PRIMARY KEY (`idMunicipio`),
  KEY `FK_Provincia_idx` (`idProvincia`),
  CONSTRAINT `FK_Provincia` FOREIGN KEY (`idProvincia`) REFERENCES `provincia` (`idProvincia`) ON DELETE NO ACTION ON UPDATE NO ACTION
) ENGINE=InnoDB DEFAULT CHARSET=latin1;
/*!40101 SET character_set_client = @saved_cs_client */;

--
-- Dumping data for table `municipio`
--

LOCK TABLES `municipio` WRITE;
/*!40000 ALTER TABLE `municipio` DISABLE KEYS */;
INSERT INTO `municipio` VALUES (1,'Cochabamba',8),(2,'Aiquile',5),(3,'Pasorapa',5),(4,'Omereque',5),(5,'Alalay',12),(6,'Anzaldo',10),(7,'Arani',1),(8,'Vacas',1),(9,'Arque',2),(10,'Tacopaya',2),(11,'Independencia',3),(12,'Morochata',3),(13,'Cocapata',3),(14,'Bolivar',4),(15,'Capinota',6),(16,'Santivañez',6),(17,'Sicaya',6),(18,'Chimoré',7),(19,'Entre Rios',7),(20,'Pocona',7),(21,'Pojo',7),(22,'Puerto Villarroel',7),(23,'Totora',7),(24,'Colomi',9),(25,'Sacaba',9),(26,'Villa Tunari',9),(27,'Arbieto',10),(28,'Sacabamba',10),(29,'Tarata',10),(30,'Toco',11),(31,'Tolata',11),(32,'Cliza',11),(33,'Mizque',12),(34,'Vila Vila',12),(35,'Cuchumuela',13),(36,'Punata',13),(37,'San Benito',13),(38,'Tacachi',13),(39,'Villa Rivero',13),(40,'Colcapirhua',14),(41,'Quillacollo',14),(42,'Sipe Sipe',14),(43,'Tiquipaya',14),(44,'Vinto',14),(45,'Tapacarí',15),(46,'Shinahota',16),(47,'Tiraque',16);
/*!40000 ALTER TABLE `municipio` ENABLE KEYS */;
UNLOCK TABLES;

--
-- Table structure for table `persona`
--

DROP TABLE IF EXISTS `persona`;
/*!40101 SET @saved_cs_client     = @@character_set_client */;
/*!40101 SET character_set_client = utf8 */;
CREATE TABLE `persona` (
  `idPersona` int(11) NOT NULL AUTO_INCREMENT,
  `ci` varchar(15) NOT NULL,
  `primerApellido` varchar(40) NOT NULL,
  `segundoApellido` varchar(40) DEFAULT NULL,
  `nombres` varchar(70) NOT NULL,
  `sexo` varchar(1) NOT NULL,
  `fechaNacimiento` date NOT NULL,
  `latitud` double DEFAULT NULL,
  `longitud` double DEFAULT NULL,
  PRIMARY KEY (`idPersona`)
) ENGINE=InnoDB AUTO_INCREMENT=22955 DEFAULT CHARSET=latin1;
/*!40101 SET character_set_client = @saved_cs_client */;

--
-- Dumping data for table `persona`
--

LOCK TABLES `persona` WRITE;
/*!40000 ALTER TABLE `persona` DISABLE KEYS */;
INSERT INTO `persona` VALUES (8,'10503404','CALLAO','FERNANDEZ','OLGA','F','1983-03-14',-17.388704,-66.155468),(223,'3004481','BLOOMFIELD','MORENO','PATRICIA JACKELINE','F','1966-01-22',-17.389704,-66.155568),(341,'3533162','BELTRAN','BENITO','JOSE','M','1975-08-28',-17.390704,-66.155668),(525,'3779679','POL','ARAMAYO','MARCO DAVID DANIEL','M','1971-08-08',-17.391704,-66.155768),(953,'5159597','VALENCIA','CASTELLON','GUALBERTO','M','1978-07-10',-17.392704,-66.155868),(2586,'8776933','TACACHIRI','SANCHEZ','ANA BRISEIDA','F','1991-10-02',-17.393704,-66.155968),(3743,'1102696','RAMOS','NAVARRO','RENE','M','1963-10-27',-17.394704,-66.156068),(3871,'7929934','ACERO','MORALES','GIOVANNA','F','1987-06-21',-17.395704,-66.156168),(4556,'3922625','OVANDO','GONGORA','LINA EUGENIA','F','1974-10-19',-17.396704,-66.156268),(4655,'981689','VILLAVICENCIO','IBAñEZ','JESUS DARWIN','M','1959-05-30',-17.397704,-66.156368),(5693,'6466748','FLORES','MOGA','VICTOR','M','1984-11-02',-17.398704,-66.156468),(5936,'928938','LAFUENTE','','ROSA VICTORIA','F','1948-03-06',-17.399704,-66.156568),(6017,'6462625','PEREZ','MACEDA','JHASMIN NAYRA','F','1986-08-06',-17.400704,-66.156668),(8846,'2773099','HERRERA','MAMANI','DIOMEDES','M','1959-08-16',-17.401704,-66.156768),(8932,'3623047','CASTILLO','RAMALLO','HENRY JESUS','M','1970-08-31',-17.402704,-66.156868),(8953,'2780714','MAYTA','FERNANDEZ','ANGEL RENE','M','1959-10-01',-17.403704,-66.156968),(8977,'2891730','ARIAS','PARDO','FREDY JOAQUIN','M','1963-08-21',-17.404704,-66.157068),(9006,'3552640','RIVAS','GUTIERREZ','WILSON DANIEL','M','1976-04-09',-17.405704,-66.157168),(9011,'6469516','MORATO','LOREDO','ANDREA CECILIA','M','1986-02-26',-17.406704,-66.157268),(9069,'4494657','OVANDO','BAYA','PAOLA GABRIELA','F','1978-08-14',-17.407704,-66.157368),(9090,'989448','MARTINEZ','RIVERA','OSVALDO','M','1961-06-01',-17.408704,-66.157468),(9133,'4501178','LOPEZ','GARCIA','MAGALY ELIZABETH','F','1977-11-23',-17.409704,-66.157568),(9168,'5318144','TICONA','CRESPO','RUTH','F','1980-08-02',-17.410704,-66.157668),(9170,'949574','BELTRAN','NAVA','WILLY ALFONSO','M','1957-10-30',-17.411704,-66.157768),(9182,'5194170','GARNICA','CAMACHO','GABRIELA MARIANA','F','1980-07-07',-17.412704,-66.157868),(9196,'4537718','HINOJOSA','ESCOBAR','PATRICIA LITZI','F','1980-01-02',-17.413704,-66.157968),(9248,'5255091','JIMENEZ','TRUJILLO','ANDREA','F','1987-08-30',-17.414704,-66.158068),(9316,'3804475','GUTIERREZ','TICONA','JHONNY','M','1971-03-02',-17.415704,-66.158168),(9317,'4509979','GARCIA','MENESES','GUSTAVO RICHARD','M','1976-11-13',-17.416704,-66.158268),(9360,'939766','BUSTAMANTE','BUSTAMANTE','FRANKLIN LIONEL','M','1971-02-24',-17.417704,-66.158368),(9362,'3024982','MARISCAL','SARABIA','CELIA','F','2014-12-21',-17.418704,-66.158468),(9363,'3749571','MARISCAL','SARABIA','ROBERTO','M','1972-04-17',-17.419704,-66.158568),(9364,'3605674','COTARI','ZENTENO','ANA MARIA','F','1967-10-13',-17.420704,-66.158668),(9386,'6430901','ALAVI','ENCINAS','CINTHIA LIZZETTE','F','1984-09-13',-17.421704,-66.158768),(9394,'792962','ANDREW','CARDOSO','JOSE CRISTOBAL','M','1949-10-12',-17.422704,-66.158868),(9403,'4050341','NOGALES','BOHORQUEZ','ROSARIO','F','1960-01-14',-17.423704,-66.158968),(9415,'3578534','TORO','ESPINOZA','MARIA SUSANA','F','1970-11-04',-17.424704,-66.159068),(9419,'6483803','QUINTEROS','SEGOVIA','MARIA ROXANA','F','1986-05-01',-17.425704,-66.159168),(9450,'5417078','TICONA','CAYO','NORMA','F','1980-12-03',-17.426704,-66.159268),(9455,'953188','RODRIGUEZ','BLANCO','CELIA AMPARO','F','1973-07-28',-17.427704,-66.159368),(9457,'812530','CARRANZA','STERLING','ROBERTO RENE','M','1952-11-16',-17.428704,-66.159468),(9489,'4388565','DELGADILLO','MARIN','JUAN RENE','M','1975-04-07',-17.429704,-66.159568),(9592,'3007671','MALAGA','FERNANDEZ','JOSE LUIS','M','1963-05-27',-17.430704,-66.159668),(9609,'3765727','ARANIBAR','RIVERO','RODRIGO','M','1988-07-10',-17.431704,-66.159768),(9670,'6429527','MORUNO','ANTEZANA','CARLA ROSARIO','F','1985-08-30',-17.432704,-66.159868),(9729,'5225025','LOPEZ','ROJAS','CARLA ALEJANDRA','F','1980-07-10',-17.433704,-66.159968),(9744,'976155','LUCANA','RAMOS','ALFREDO','M','1959-03-27',-17.434704,-66.160068),(9812,'3007684','VIDAL','ROSAS','EDWIN FELIX','M','1962-11-20',-17.435704,-66.160168),(9815,'4537838','PEREDO','SAENZ','OMAR CESAR','M','1980-07-06',-17.436704,-66.160268),(9944,'6419947','CASTELLON','GRAGEDA','EVA','F','1985-07-27',-17.437704,-66.160368),(10015,'1109872','ZARATE','JURADO','JURGUEN','M','1968-03-16',-17.386704,-66.155268),(10270,'6420595','MANRIQUE','MERCADO','YANCARLA LUISA','F','1986-03-09',-17.385704,-66.155168),(10374,'4451729','GARCIA','DAVALOS','JUAN RODOLFO','M','1977-06-26',-17.384704,-66.155068),(10376,'2995510','BAIGORRIA','ROCHA','DIOMEDES','F','1962-07-22',-17.383704,-66.154968),(10378,'2877686-1N','GAMBOA','MENDOZA','FERNANDO MARCELO','M','1964-08-07',-17.382704,-66.154868),(10467,'6533475','VILLARROEL','GONZALES','JANETH','F','1986-09-30',-17.381704,-66.154768),(10563,'809067','NORIEGA','CASTILLO','CESAR ORLANDO','M','1954-05-07',-17.380704,-66.154668),(10568,'7401422','VILLEGAS','MENDIOLA','LEONEL RAMIRO','M','1993-06-19',-17.379704,-66.154568),(10583,'5230929','MENDEZ','CAMACHO','TANIA PAMELA','F','1981-09-29',-17.378704,-66.154468),(10613,'5257478','HEREDIA','LAURA','MARIA ELENA','M','1981-02-07',-17.377704,-66.154368),(10676,'2249123','MEDINA','SARDON','MARCO ANTONIO','M','1959-01-24',-17.376704,-66.154268),(10689,'6443035','POZO','CORNEJO','NATALI','M','1987-12-17',-17.375704,-66.154168),(10720,'986621','REVOLLO','IRIARTE','EDWARD GUIDO','M','1959-09-12',-17.374704,-66.154068),(10742,'6492175','FLORES','ANCALLE','JUAN','M','1985-05-09',-17.373704,-66.153968),(10797,'3620786','MARTINEZ','RIOS','MARCO ANTONIO','M','1970-10-20',-17.372704,-66.153868),(10868,'3102103','ROCHA','CAMPERO','JOSE FERNANDO','M','1969-04-11',-17.371704,-66.153768),(10967,'4531975','ARANCIBIA','BOLAÑOS','TITO AGUSTIN','M','1984-04-06',-17.370704,-66.153668),(11086,'7330867','RODRIGUEZ','CHOQUE','MAGALI JUANY','F','1971-06-26',-17.369704,-66.153568),(11092,'3786715','BARRERA','BRAVO','LUIS ALBERTO','M','1966-02-20',-17.368704,-66.153468),(11095,'2885217','AGUIRRE','BORDA','TATIANA','F','1961-01-10',-17.367704,-66.153368),(11112,'3794869','MORALES','MAMANI','TRIFON','M','1975-11-10',-17.366704,-66.153268),(11123,'2906554','MORALES','MORALES','LAURA MARGARITA','F','1966-10-17',-17.365704,-66.153168),(11170,'2869699','MALDONADO','APARICIO','ANGEL FELIPE','M','1960-08-23',-17.364704,-66.153068),(11173,'3121654-24','CAMACHO','GARNICA','JORGE ROLANDO','M','1954-06-18',-17.363704,-66.152968),(11222,'3717471','GUZMAN','PEÑA','JUANA','M','1970-06-24',-17.362704,-66.152868),(11227,'4261267','MALDONADO','SALMON','RAMIRO ALEJANDRO','M','1988-12-05',-17.361704,-66.152768),(11307,'3602906','LUJAN','LAFUENTE','LIGIA MABEL','F','1968-06-17',-17.360704,-66.152668),(11308,'3592944','ALMANZA','COCA','FELIX','M','1964-11-23',-17.359704,-66.152568),(11340,'3337885','BALDERRAMA','WINKELMANN','KARINA ANA','F','1972-06-14',-17.358704,-66.152468),(11360,'827032','ARZABE','','AURELIA','F','1950-09-04',-17.357704,-66.152368),(11378,'4858842','RIVERA','CARDOZO','EDUARDO','M','1981-03-23',-17.356704,-66.152268),(11385,'4468650','BARRIENTOS','LUIZAGA','CARLOS FRANCISCO','M','1974-12-12',-17.355704,-66.152168),(11386,'2887760','VARGAS','BALZA','ELENA','F','1940-04-16',-17.354704,-66.152068),(11388,'6525142','CARITAS','MITA','ROSA','F','1982-09-19',-17.353704,-66.151968),(11440,'3793654','CARBALLO','SALVATIERRA','MARIA FERNANDA','F','1973-08-15',-17.352704,-66.151868),(11539,'924347','BALDERRAMA','GONZALES','ELSA','F','1957-05-09',-17.351704,-66.151768),(11556,'5161509','FERREL','TORRICO','ROGER','M','1980-10-20',-17.350704,-66.151668),(11608,'3026067','LOPEZ','BLANCO','NANCY LOURDES','F','1963-09-09',-17.349704,-66.151568),(11638,'3140557','JIMENEZ','ROJAS','IRMA','F','1966-08-19',-17.348704,-66.151468),(11662,'5915695','ZENTENO','LEDEZMA','GABRIELA','F','1985-01-23',-17.347704,-66.151368),(11665,'3618893','QUISPE','CALLISAYA','BERNABE PARISIO','M','1967-06-11',-17.346704,-66.151268),(11667,'3816193','RODRIGUEZ','YAVI','CLOTILDE','F','1957-06-03',-17.345704,-66.151168),(11686,'3565537','QUIROGA','SERRANO','KATYA VANESA','F','1980-11-03',-17.344704,-66.151068),(11699,'4454732','CHAVARRIA','MEJIA','MONICA FRANCHESKA','F','1976-10-14',-17.343704,-66.150968),(11712,'2890650','RAMIREZ','VILLCA','IRMA','F','1966-06-26',-17.342704,-66.150868),(12845,'3569099','IRIARTE','BALDERRAMA','EULALIA','F','1968-12-10',-17.341704,-66.150768),(12892,'5291023','FLORES','GUTIERREZ','DILSIA LUBANA','F','1988-07-28',-17.340704,-66.150668),(13421,'5152044','VALDIVIA','ZAMBRANA','EDUARDO','M','1988-05-25',-17.339704,-66.150568),(17986,'E-0028431','VALDERRAMA','GOMEZ','LUIS CARLOS','M','1965-09-25',-17.338704,-66.150468),(19387,'7870658','ROCHA','CAMACHO','NADIR EUNICE','F','1983-08-12',-17.337704,-66.150368),(20822,'4452325','ROMERO','PARDO','MARIA JULIETA','F','1973-10-30',-17.388504,-66.155448),(20823,'3788070','CARBALLO','SARAVIA','DIONICIO','M','1969-07-01',-17.389304,-66.155528),(20845,'7906432','0NTIVEROS','VEIZAGA','ROSSANGELA','F','1990-06-26',-17.390104,-66.155608),(20846,'5922565','OSSIO','CAYO','ZULMA','F','1985-01-14',-17.390904,-66.155688),(20870,'977386','PASTOR','HERBAS','CARMEN ROSA','F','1954-11-29',-17.391704,-66.155768),(20871,'758792','VILLARROEL','OVANDO','ELDA JUDITH','F','1940-05-01',-17.392504,-66.155848),(20889,'2889771','EQUICE','QUISPE','BENIGNA','F','1959-04-03',-17.393304,-66.155928),(20902,'3807880','ESPINOZA','MALLCO','MARIA CRISTINA','F','1966-11-29',-17.394104,-66.156008),(20908,'975963','ALVAREZ','ZURITA','EDMUNDO','M','1955-07-24',-17.394904,-66.156088),(20909,'3617725','NOGALES','ALMENDRAS','BASILIA','F','1967-02-28',-17.395704,-66.156168),(20910,'10672937','CORTEZ','VARGAS','JUAN JOSE','M','1997-12-09',-17.396504,-66.156248),(20912,'6541703','RAMOS','MAYTA','BEATRIZ','F','1983-03-30',-17.397304,-66.156328),(20924,'2790633','ANTEQUERA','RODRIGUEZ','BERTHA','F','1959-07-04',-17.398104,-66.156408),(20929,'3017605','VILLARROEL','GARCIA','JANNETH SANDRA','F','1964-12-13',-17.398904,-66.156488),(20967,'9323513','VEGA','TRIGORI','WILLIAN','M','1992-02-04',-17.399704,-66.156568),(20968,'5152512','CADIMA','MAMANI','MARIA BERNA','F','1975-08-17',-17.400504,-66.156648),(20980,'5232591','FLORES','QUISPE','LUCHO','M','1973-11-02',-17.401304,-66.156728),(21020,'3033778','OMONTE','','EMMA TERESA','F','1962-03-03',-17.402104,-66.156808),(21029,'2893913','MOREIRA','ANDIA','LUISA','F','1961-10-10',-17.402904,-66.156888),(21062,'2878109-10','TORRICO','BAUTISTA','SERGIA','F','1958-10-09',-17.403704,-66.156968),(21068,'3619537','MERCADO','AGUIRRE','ROCIO DIRCE','F','1972-07-08',-17.404504,-66.157048),(21070,'3146204','GARAFULICH','ROJAS','MARIA CRISTINA','F','1967-08-21',-17.405304,-66.157128),(21090,'6120742','ROQUE','FLORES','ROBERTO','M','1978-06-07',-17.406104,-66.157208),(21091,'4442501','VERDUGUEZ','RODRIGREZ','MIRIAM SANDRA','F','1976-05-26',-17.406904,-66.157288),(21092,'3999437','GALLARDO','SERAPIO','HENRRY MARCOS','M','1974-07-01',-17.407704,-66.157368),(21107,'7930599','ALBARRACIN','RIVERA','LAURA ANDREA','F','1989-04-15',-17.408504,-66.157448),(21112,'3727638','MARQUEZ','RAMOS','NORMA','F','1973-05-14',-17.409304,-66.157528),(21113,'3596883','LAZARTE','MANCILLA','ENRIQUE RAMIRO','M','1969-11-13',-17.410104,-66.157608),(21131,'7009215','FLORES','CONDORI','RONAL RIONI','M','1980-03-10',-17.410904,-66.157688),(21134,'10536317','YUCRA','CHAVARRIA','MARIO GONZALO','M','1991-03-20',-17.411704,-66.157768),(21136,'8016282','FUENTES','CHAVEZ','VANESA','F','1988-12-28',-17.412504,-66.157848),(21142,'3803185','LOPEZ','JAIMES','DIONICIA','M','1969-10-09',-17.413304,-66.157928),(21149,'3715900','FERNANDEZ','CANAVIRI','MERY MARINA','F','1969-06-18',-17.414104,-66.158008),(21160,'8852509','CHAMBI','CHOQUE','SOLANCHS YESSICA','F','1990-08-15',-17.414904,-66.158088),(21175,'8013988','MENESES','ZURITA','JUANA','F','1989-10-12',-17.415704,-66.158168),(21189,'6531655','PEREZ','MALDONADO','JOSE ORLANDO','M','1986-09-10',-17.416504,-66.158248),(21191,'3562978','TRUJILLO','GARCIA','LEONARDO','M','1964-11-06',-17.417304,-66.158328),(21215,'5193516','MUÑOZ','TAMES','IRIS JENNY','F','1979-01-02',-17.418104,-66.158408),(21232,'5917660','AYALA','MOYA','DAVID','M','1983-06-26',-17.418904,-66.158488),(21237,'5227797','CASTELLON','TERAN','GABRIELA ANDREA','F','1982-07-03',-17.419704,-66.158568),(21264,'6378259','VACA','ALPIRE','LOLA','F','1988-02-19',-17.420504,-66.158648),(21307,'5152967','ORELLANA','INTURIAS','NORAH','F','1977-04-06',-17.421304,-66.158728),(21317,'4441036','ESCALERA','SARABIA','REMIGIA','F','1973-10-01',-17.422104,-66.158808),(21318,'3004019','CARDOZO','GAMBOA','MARIA AMANDA','F','1962-09-14',-17.422904,-66.158888),(21319,'678057','VILA','CARBALLO','BERTHA','F','1952-07-04',-17.423704,-66.158968),(21320,'7920696','ARCE','ROMERO','VIRGINIA','F','1989-01-19',-17.424504,-66.159048),(21321,'3752594','ESCALERA','SARAVIA','ELENA','F','1966-08-13',-17.425304,-66.159128),(21322,'4565205','RODRIGUEZ','ESCOBAR','EDWIN VALERIO','M','1977-01-10',-17.426104,-66.159208),(21331,'6531910','OCHOA','SALAZAR','ABEL','M','1983-01-17',-17.426904,-66.159288),(21337,'6403672','ROMERO','CONDORI','JUAN CRISTHIAN','M','1982-11-24',-17.427704,-66.159368),(21361,'5151221','MENA','UZEDA','JUAN CARLOS','M','1980-02-25',-17.428504,-66.159448),(21366,'7865123','PANTOJA','','DENISE GEORGETE','F','1976-05-01',-17.429304,-66.159528),(21373,'4422934','CANLLAVI','BASTO','WILSON','M','1977-12-24',-17.430104,-66.159608),(21380,'2882843','DELGADO','FERRUFINO','LUZ ELIANA','F','1964-12-13',-17.430904,-66.159688),(21411,'4509125','GUZMAN','GOMEZ','SILVIA','F','1977-09-10',-17.431704,-66.159768),(21412,'3801260','ARREDONDO','','PATRICIA RENEE','F','1972-10-12',-17.432504,-66.159848),(21413,'2346241','MONROY','GARCIA','JAIME','M','1948-10-30',-17.433304,-66.159928),(21417,'9472075','FLORES','RODRIGUEZ','ESPERANZA','F','1939-12-22',-17.434104,-66.160008),(21469,'13192796','CHAMBILLA','LEDEZMA','FELISA','F','1971-11-27',-17.434904,-66.160088),(21472,'3002184','FUENTES','CORTES','ANITA ELIZABETH','F','1968-09-18',-17.435704,-66.160168),(21474,'3722132','PINTO','PORTILLO','BLANCA AIDA','F','1957-11-21',-17.436504,-66.160248),(21475,'7898719','GUZMAN','BALDERRAMA','ANNELISSE','F','1987-01-21',-17.437304,-66.160328),(21488,'3762742','RIVERO','RODRIGUEZ','NATALIE YANIRA','F','1985-09-16',-17.438104,-66.160408),(21524,'9499880','MADRID','BASCOPE','DALIA','F','1994-03-07',-17.438904,-66.160488),(21526,'4430654','CASTELLON','GOYTIA','PAMELA IVANA','F','1988-07-28',-17.439704,-66.160568),(21539,'3145497','CAERO','QUISPE','MILENA LOURDES','F','1968-02-11',-17.440504,-66.160648),(21555,'2287367','PEÑARRIETA','BUSTILLO','XIMENA CECILIA','F','1966-01-05',-17.441304,-66.160728),(21557,'923030','NAVIA','SANCHEZ','ZENON','M','1943-09-05',-17.442104,-66.160808),(21582,'3033822','ORTIZ','','SONIA','F','1967-08-18',-17.442904,-66.160888),(21603,'5227537','PONCE','RIOS','SERGIO RAMIRO','M','1989-06-29',-17.443704,-66.160968),(21622,'754195','DAVILA','CEBALLOS','MARIA JUSTINA','F','1940-04-21',-17.444504,-66.161048),(21623,'4451939','MAMANI','CARBAJAL','EMILIO','M','2010-06-08',-17.445304,-66.161128),(22954,'5741332','GUTIERREZ','GARCIA','MERCEDES','F','1985-06-03',-17.446104,-66.161208);
/*!40000 ALTER TABLE `persona` ENABLE KEYS */;
UNLOCK TABLES;

--
-- Table structure for table `provincia`
--

DROP TABLE IF EXISTS `provincia`;
/*!40101 SET @saved_cs_client     = @@character_set_client */;
/*!40101 SET character_set_client = utf8 */;
CREATE TABLE `provincia` (
  `idProvincia` int(11) NOT NULL AUTO_INCREMENT,
  `nombreProvincia` varchar(30) NOT NULL,
  `idDepartamento` tinyint(4) NOT NULL,
  PRIMARY KEY (`idProvincia`),
  KEY `FK_Departamento_idx` (`idDepartamento`),
  CONSTRAINT `FK_Departamento` FOREIGN KEY (`idDepartamento`) REFERENCES `departamento` (`idDepartamento`) ON DELETE NO ACTION ON UPDATE NO ACTION
) ENGINE=InnoDB AUTO_INCREMENT=17 DEFAULT CHARSET=latin1;
/*!40101 SET character_set_client = @saved_cs_client */;

--
-- Dumping data for table `provincia`
--

LOCK TABLES `provincia` WRITE;
/*!40000 ALTER TABLE `provincia` DISABLE KEYS */;
INSERT INTO `provincia` VALUES (1,'Arani',3),(2,'Arque',3),(3,'Ayopaya',3),(4,'Bolivar',3),(5,'Campero',3),(6,'Capinota',3),(7,'Carrasco',3),(8,'Cercado',3),(9,'Chapare',3),(10,'Esteban Arze',3),(11,'German Jordan',3),(12,'Mizque',3),(13,'Punata',3),(14,'Quillacollo',3),(15,'Tapacari',3),(16,'Tiraque',3);
/*!40000 ALTER TABLE `provincia` ENABLE KEYS */;
UNLOCK TABLES;
/*!40103 SET TIME_ZONE=@OLD_TIME_ZONE */;

/*!40101 SET SQL_MODE=@OLD_SQL_MODE */;
/*!40014 SET FOREIGN_KEY_CHECKS=@OLD_FOREIGN_KEY_CHECKS */;
/*!40014 SET UNIQUE_CHECKS=@OLD_UNIQUE_CHECKS */;
/*!40101 SET CHARACTER_SET_CLIENT=@OLD_CHARACTER_SET_CLIENT */;
/*!40101 SET CHARACTER_SET_RESULTS=@OLD_CHARACTER_SET_RESULTS */;
/*!40101 SET COLLATION_CONNECTION=@OLD_COLLATION_CONNECTION */;
/*!40111 SET SQL_NOTES=@OLD_SQL_NOTES */;

-- Dump completed on 2019-05-09 12:19:03
